sp,x,y
sp9,-70.1,9.5666667
sp9,-70.15,9.5333333
