sp,x,y
sp31,-43.751469,-18.807567
sp31,-43.816667,-18.833333
sp31,-43.49,-18.5
sp31,-43.854451,-18.308291
sp31,-43.614003,-18.259125
