sp,x,y
sp6,-43.548944,-19.322917
sp6,-43.557333,-19.306861
sp6,-43.755842,-17.88655
sp6,-43.71440125,-19.16889954
sp6,-43.6,-19.25
sp6,-43.780278,-17.913889
sp6,-43.792222,-17.903611
sp6,-43.452222,-17.531111
sp6,-43.336944,-19.178056
sp6,-43.592187,-19.284078
sp6,-43.566537,-18.272925
sp6,-43.342222,-18.228333
