sp,x,y
sp2,-41.578806,-19.320611
sp2,-41.579167,-19.320556
sp2,-41.579206,-19.320544
