sp,x,y
sp2,-41.578889,-19.320556
sp2,-41.57881,-19.32061
