sp,x,y
sp27,-78.79,-4.62
sp27,-78.78,-4.62
sp27,-78.883333,-4.971389
sp27,-74.59,-9.48
sp27,-75.33,-10.58
