sp,x,y
sp27,-74.58,-9.47
sp27,-78.901389,-4.990278
