sp,x,y
sp34,-43.518233,-19.246783
sp34,-43.618295,-19.349617
sp34,-43.741667,-18.962778
sp34,-43.583611,-19.266667
sp34,-43.559722,-19.299722
sp34,-43.564832,-19.246566
