sp,x,y
sp15,-61.751694,5.591167
sp15,-61.455722,5.843833
