sp,x,y
sp15,-59.483333,5.166667
sp15,-61.751694,5.591167
sp15,-61.455722,5.843833
sp15,-61.45,6.016667
