sp,x,y
sp25,-64.33252609,-0.908193167
sp25,-65.73793137,2.148233428
sp25,-60.90670208,1.267562106
sp25,-64.96302586,7.106234712
sp25,-65.20097026,0.114353174
sp25,-64.49773046,-1.189159157
sp25,-62.26726109,-2.299562696
sp25,-63.39630188,1.494316534
sp25,-63.73329912,0.031594429
sp25,-60.77383026,4.152662735
sp25,-65.13168399,1.100332847
