sp,x,y
sp13,-78.43,-3.87833
sp13,-78.821111,-4.604444
