sp,x,y
sp27,-74.583611,-9.474722
sp27,-78.88,-4.97
sp27,-78.9,-4.99
