sp,x,y
sp22,-62.63,5.92
sp22,-61.73,5.5
sp22,-60.633333,5.95
sp22,-61.5,5.66666
sp22,-61.5,4.5
sp22,-59.4833,5.16667
sp22,-60.3,5.70833
sp22,-60.4167,6.06667
sp22,-59.9167,5.0
sp22,-60.0,5.41667
sp22,-60.2833,5.7
sp22,-60.066667,5.633333
sp22,-59.483333,5.183333
sp22,-63.32,0.816667
