sp,x,y
sp4,-63.374591,0.901657
sp4,-72.33556,3.25919
sp4,-67.57,3.74
sp4,-66.83,3.67
sp4,-67.12,2.62
sp4,-67.82,4.33
sp4,-67.383333,3.683333
