sp,x,y
sp25,-66.04166667,0.908333333
sp25,-66.0417,0.9083
sp25,-66.04166,0.90833
sp25,-66.0666667,0.9
