sp,x,y
sp20,-65.407079,3.661434
sp20,-65.52,3.17
sp20,-65.43888,3.675
sp20,-65.33333,3.58333
sp20,-65.433333,3.666667
