sp,x,y
sp1,-60.3942275,-2.7025996
sp1,-60.394167,-2.7025
sp1,-60.175278,-2.410556
