sp,x,y
sp13,-78.366667,-3.45
sp13,-78.4802778,-3.8972222
sp13,-78.8211111,-4.6044444
