sp,x,y
sp14,-63.439944,0.9125
sp14,-64.5635,4.739056
sp14,-72.4,-0.6
sp14,-67.924336,3.870204
sp14,-56.15,2.0
sp14,-67.926064,3.740759
sp14,-70.34,0.59
sp14,-71.95,1.3333
sp14,-72.75,0.9167
sp14,-72.92,1.36
sp14,-72.49,-0.17
sp14,-63.446667,0.921667
sp14,-71.36,1.23
sp14,-67.78,3.11
sp14,-67.9,3.43
sp14,-67.85,3.81
sp14,-72.46,-0.55
sp14,-72.36583,-0.61388
