sp,x,y
sp28,-43.588722,-19.313333
sp28,-43.71440125,-19.16889954
sp28,-43.240278,-19.145
