sp,x,y
sp15,-61.751694,5.591167
