sp,x,y
sp38,-49.94860077,-24.52610016
sp38,-46.136194,-23.677
sp38,-50.347456,-26.758069
sp38,-46.52999878,-23.65999985
sp38,-49.7057991,-24.25110054
sp38,-50.326701,-28.715067
sp38,-50.13565,-29.318888
sp38,-49.991944,-25.2475
sp38,-49.811111,-25.374722
sp38,-50.2547,-24.563442
