sp,x,y
sp16,-43.563333,-18.201667
sp16,-43.40750122,-20.0746994
sp16,-43.47109985,-18.07139969
sp16,-43.71440125,-19.16889954
sp16,-43.795,-18.034167
sp16,-43.5080986,-20.28750038
sp16,-43.281944,-20.0525
sp16,-43.492778,-20.1263
