sp,x,y
sp3,-45.866667,-23.633333
sp3,-49.34000015,-24.11000061
sp3,-49.7057991,-24.25110054
sp3,-43.804722,-17.919444
sp3,-43.780194,-17.913833
