sp,x,y
sp4,-67.3833333,3.6833333
sp4,-67.6833333,3.9666667
sp4,-68.1522703,1.4704187
