sp,x,y
sp29,-40.519167,-11.3775
sp29,-41.842778,-13.335
sp29,-41.5,-13.22
sp29,-41.010556,-11.501389
