sp,x,y
sp10,-43.604167,-17.908889
sp10,-42.56,-16.37
sp10,-42.978889,-16.6625
