sp,x,y
sp18,-42.961028,-16.604889
sp18,-42.981667,-16.643889
sp18,-42.0,-16.596389
sp18,-43.088889,-17.143056
sp18,-42.8895409,-16.56314419
