sp,x,y
sp39,-66.241753,5.76225
sp39,-66.13333,5.7
sp39,-66.15,5.683333
