sp,x,y
sp39,-66.15,5.6833333
sp39,-66.15,5.68333
