sp,x,y
sp39,-66.21470229,5.686647136
sp39,-66.18521149,5.722329255
sp39,-66.17669724,5.723862474
sp39,-66.23774225,5.728609174
sp39,-66.2257433,5.741416974
sp39,-66.23546086,5.73321445
