sp,x,y
sp9,-70.11666,9.56666
