sp,x,y
sp9,-65.9119,7.0758
sp9,-70.1,9.566667
sp9,-70.12861,9.57944
sp9,-70.15,9.533333
