sp,x,y
sp20,-65.35,3.62
sp20,-65.38333,3.61666
sp20,-65.4333333,3.6666667
sp20,-65.3833333,3.6166667
