sp,x,y
sp2,-41.57884636,-19.32057473
sp2,-41.57887694,-19.32059283
sp2,-41.5788466,-19.32057661
