sp,x,y
sp1,-61.55006978,-2.633296022
sp1,-61.04708747,0.531102716
sp1,-60.51234366,-1.870610971
sp1,-61.16137726,-1.840678205
sp1,-60.79045106,0.47591134
sp1,-61.23254489,-0.773699898
sp1,-60.87728998,-1.437195279
sp1,-61.34611737,-1.606604236
sp1,-60.74251047,-1.890456994
sp1,-60.70404946,-2.022631866
sp1,-60.4718026,1.029540957
